{"cameraMode":{"drawMode":0,"name":"Shaded","section":"Shading Mode"},"sceneLighting":false,"audioPlay":false,"sceneViewState":{"m_AlwaysRefresh":false,"showFog":true,"showSkybox":true,"showFlares":true,"showImageEffects":true,"showParticleSystems":true,"showVisualEffectGraphs":true,"m_FxEnabled":false},"in2DMode":false,"pivot":{"x":0.5054330825805664,"y":2.2326574325561525,"z":2.991485357284546},"rotation":{"x":-0.20363399386405946,"y":-0.6553226709365845,"z":0.19012463092803956,"w":-0.7021831274032593},"size":5.7481889724731449,"orthographic":false}