{"cameraMode":{"drawMode":0,"name":"Shaded","section":"Shading Mode"},"sceneLighting":false,"audioPlay":false,"sceneViewState":{"m_AlwaysRefresh":false,"showFog":true,"showSkybox":false,"showFlares":true,"showImageEffects":true,"showParticleSystems":true,"showVisualEffectGraphs":true,"m_FxEnabled":false},"in2DMode":false,"pivot":{"x":-2.2230112552642824,"y":3.532532215118408,"z":7.450719833374023},"rotation":{"x":-0.14677788317203523,"y":0.008010978810489178,"z":-0.0011764313094317914,"w":-0.9891711473464966},"size":0.6607221364974976,"orthographic":false}